Id,Expected
2021-07-01_D1,522.1821
2021-07-01_D10,148.4985
2021-07-01_D11,705.308
2021-07-01_D12,1454.6177
2021-07-01_D13,736.296
2021-07-01_D14,550.61847
2021-07-01_D15,960.4117
2021-07-01_D16,745.7842
2021-07-01_D17,-130.0639
2021-07-01_D18,335.9942
2021-07-01_D19,464.68027
2021-07-01_D2,-521.32336
2021-07-01_D20,148.17621
2021-07-01_D21,737.57666
2021-07-01_D22,351.76935
2021-07-01_D23,205.73914
2021-07-01_D24,252.21481
2021-07-01_D25,109.84657
2021-07-01_D26,85.79233
2021-07-01_D27,84.141235
2021-07-01_D28,-78.791435
2021-07-01_D29,51.954597
2021-07-01_D3,69.71176
2021-07-01_D30,-194.06146
2021-07-01_D31,451.14337
2021-07-01_D32,277.87146
2021-07-01_D33,548.8191
2021-07-01_D34,98.96478
2021-07-01_D35,511.2422
2021-07-01_D36,247.63135
2021-07-01_D37,310.73956
2021-07-01_D38,-45.639282
2021-07-01_D39,360.9276
2021-07-01_D4,362.63495
2021-07-01_D40,353.01422
2021-07-01_D41,272.5835
2021-07-01_D42,396.45978
2021-07-01_D43,319.66104
2021-07-01_D44,622.13464
2021-07-01_D45,288.88232
2021-07-01_D46,369.46948
2021-07-01_D47,542.3959
2021-07-01_D48,609.6653
2021-07-01_D49,247.8764
2021-07-01_D5,82.618454
2021-07-01_D50,464.73825
2021-07-01_D51,81.93803
2021-07-01_D52,149.9523
2021-07-01_D53,123.06623
2021-07-01_D54,76.44757
2021-07-01_D55,81.96574
2021-07-01_D56,65.907814
2021-07-01_D57,215.79579
2021-07-01_D58,14.856506
2021-07-01_D59,102.862366
2021-07-01_D6,374.03375
2021-07-01_D60,-522.6925
2021-07-01_D61,42.42231
2021-07-01_D62,56.595818
2021-07-01_D63,17.452377
2021-07-01_D64,37.973335
2021-07-01_D65,64.95358
2021-07-01_D66,71.31005
2021-07-01_D67,39.244625
2021-07-01_D68,56.645023
2021-07-01_D69,121.65168
2021-07-01_D7,438.5189
2021-07-01_D70,57.569233
2021-07-01_D71,898.8091
2021-07-01_D72,949.7032
2021-07-01_D73,296.91632
2021-07-01_D74,616.148
2021-07-01_D75,-4.458435
2021-07-01_D76,-366.41965
2021-07-01_D77,28.272278
2021-07-01_D78,145.39136
2021-07-01_D79,-4.304901
2021-07-01_D8,267.61377
2021-07-01_D80,281.833
2021-07-01_D9,563.09985
2021-07-02_D1,129.05714
2021-07-02_D10,69.50143
2021-07-02_D11,443.73373
2021-07-02_D12,1064.4255
2021-07-02_D13,403.96817
2021-07-02_D14,316.27246
2021-07-02_D15,747.25366
2021-07-02_D16,544.6199
2021-07-02_D17,-62.819794
2021-07-02_D18,337.58447
2021-07-02_D19,457.1787
2021-07-02_D2,390.43448
2021-07-02_D20,74.855286
2021-07-02_D21,750.3665
2021-07-02_D22,444.93756
2021-07-02_D23,228.06493
2021-07-02_D24,129.28345
2021-07-02_D25,80.20474
2021-07-02_D26,119.02377
2021-07-02_D27,4.0464478
2021-07-02_D28,-11.506729
2021-07-02_D29,24.90207
2021-07-02_D3,303.68646
2021-07-02_D30,3.0239182
2021-07-02_D31,314.7602
2021-07-02_D32,403.4621
2021-07-02_D33,699.85266
2021-07-02_D34,908.8899
2021-07-02_D35,-213.67914
2021-07-02_D36,574.5226
2021-07-02_D37,398.4575
2021-07-02_D38,875.4884
2021-07-02_D39,314.42053
2021-07-02_D4,94.294464
2021-07-02_D40,262.62335
2021-07-02_D41,507.6138
2021-07-02_D42,440.38684
2021-07-02_D43,427.1393
2021-07-02_D44,415.1311
2021-07-02_D45,233.25226
2021-07-02_D46,454.42126
2021-07-02_D47,448.8015
2021-07-02_D48,291.70203
2021-07-02_D49,104.62857
2021-07-02_D5,247.605
2021-07-02_D50,319.91672
2021-07-02_D51,49.71972
2021-07-02_D52,152.75673
2021-07-02_D53,68.40135
2021-07-02_D54,31.758018
2021-07-02_D55,50.280083
2021-07-02_D56,57.686386
2021-07-02_D57,-16.021317
2021-07-02_D58,37.700478
2021-07-02_D59,93.98414
2021-07-02_D6,347.36356
2021-07-02_D60,119.024185
2021-07-02_D61,-6.407135
2021-07-02_D62,43.008003
2021-07-02_D63,38.046997
2021-07-02_D64,54.964676
2021-07-02_D65,-22.524261
2021-07-02_D66,60.40641
2021-07-02_D67,35.843
2021-07-02_D68,59.490845
2021-07-02_D69,76.485855
2021-07-02_D7,292.8263
2021-07-02_D70,67.6813
2021-07-02_D71,320.09982
2021-07-02_D72,466.95288
2021-07-02_D73,238.84479
2021-07-02_D74,445.44016
2021-07-02_D75,223.0086
2021-07-02_D76,644.45105
2021-07-02_D77,82.2547
2021-07-02_D78,187.36412
2021-07-02_D79,121.94673
2021-07-02_D8,349.6049
2021-07-02_D80,381.79306
2021-07-02_D9,143.36923
2021-07-03_D1,126.91795
2021-07-03_D10,135.06221
2021-07-03_D11,361.85757
2021-07-03_D12,690.06836
2021-07-03_D13,532.8495
2021-07-03_D14,493.43692
2021-07-03_D15,669.92267
2021-07-03_D16,576.1555
2021-07-03_D17,224.83017
2021-07-03_D18,209.42215
2021-07-03_D19,368.71457
2021-07-03_D2,249.84697
2021-07-03_D20,247.62158
2021-07-03_D21,238.47595
2021-07-03_D22,350.98373
2021-07-03_D23,227.61807
2021-07-03_D24,68.098816
2021-07-03_D25,-29.116455
2021-07-03_D26,152.50565
2021-07-03_D27,-541.7239
2021-07-03_D28,46.321
2021-07-03_D29,86.576294
2021-07-03_D3,268.088
2021-07-03_D30,170.97873
2021-07-03_D31,560.58075
2021-07-03_D32,453.73285
2021-07-03_D33,428.44897
2021-07-03_D34,417.57483
2021-07-03_D35,329.87872
2021-07-03_D36,421.79572
2021-07-03_D37,393.59207
2021-07-03_D38,276.72034
2021-07-03_D39,197.20819
2021-07-03_D4,152.57368
2021-07-03_D40,377.65833
2021-07-03_D41,325.03198
2021-07-03_D42,622.7348
2021-07-03_D43,372.8264
2021-07-03_D44,291.10742
2021-07-03_D45,318.51538
2021-07-03_D46,296.72382
2021-07-03_D47,495.9803
2021-07-03_D48,346.31708
2021-07-03_D49,-45.746216
2021-07-03_D5,401.1156
2021-07-03_D50,288.35388
2021-07-03_D51,-17.041847
2021-07-03_D52,81.57851
2021-07-03_D53,89.486275
2021-07-03_D54,73.650185
2021-07-03_D55,43.86107
2021-07-03_D56,27.576767
2021-07-03_D57,249.54324
2021-07-03_D58,50.25454
2021-07-03_D59,126.355156
2021-07-03_D6,318.70114
2021-07-03_D60,224.14545
2021-07-03_D61,47.61014
2021-07-03_D62,52.461555
2021-07-03_D63,94.125824
2021-07-03_D64,65.689964
2021-07-03_D65,80.395325
2021-07-03_D66,77.87349
2021-07-03_D67,75.552216
2021-07-03_D68,38.664234
2021-07-03_D69,80.49793
2021-07-03_D7,381.5653
2021-07-03_D70,57.822803
2021-07-03_D71,442.02985
2021-07-03_D72,430.31613
2021-07-03_D73,502.59796
2021-07-03_D74,1133.0061
2021-07-03_D75,495.6399
2021-07-03_D76,421.98618
2021-07-03_D77,921.03284
2021-07-03_D78,482.9252
2021-07-03_D79,415.52087
2021-07-03_D8,493.8774
2021-07-03_D80,552.51575
2021-07-03_D9,137.63217
2021-07-04_D1,968.32416
2021-07-04_D10,606.84644
2021-07-04_D11,427.36398
2021-07-04_D12,951.13043
2021-07-04_D13,183.84851
2021-07-04_D14,695.8595
2021-07-04_D15,1481.1614
2021-07-04_D16,402.2534
2021-07-04_D17,161.07625
2021-07-04_D18,531.4916
2021-07-04_D19,639.69275
2021-07-04_D20,284.15546
2021-07-04_D21,613.9309
2021-07-04_D22,173.42299
2021-07-04_D23,262.3207
2021-07-04_D24,235.04892
2021-07-04_D25,187.53938
2021-07-04_D26,94.83033
2021-07-04_D27,129.59961
2021-07-04_D28,241.57416
2021-07-04_D29,216.02773
2021-07-04_D3,254.56572
2021-07-04_D30,360.82397
2021-07-04_D4,1297.5657
2021-07-04_D5,282.49835
2021-07-04_D51,105.17091
2021-07-04_D52,124.01368
2021-07-04_D53,58.50599
2021-07-04_D54,69.0604
2021-07-04_D55,72.98857
2021-07-04_D56,76.38834
2021-07-04_D57,139.24326
2021-07-04_D58,91.88829
2021-07-04_D59,83.58274
2021-07-04_D6,250.28857
2021-07-04_D60,232.65614
2021-07-04_D61,78.46933
2021-07-04_D62,20.255936
2021-07-04_D63,102.502815
2021-07-04_D64,91.9745
2021-07-04_D65,87.679756
2021-07-04_D66,71.05885
2021-07-04_D67,76.73
2021-07-04_D68,96.450516
2021-07-04_D69,83.659134
2021-07-04_D7,335.76996
2021-07-04_D70,93.98169
2021-07-04_D71,1432.3121
2021-07-04_D72,1522.4822
2021-07-04_D73,926.24255
2021-07-04_D74,896.42676
2021-07-04_D75,1251.9257
2021-07-04_D76,887.38086
2021-07-04_D77,1007.91077
2021-07-04_D78,756.2997
2021-07-04_D79,928.1474
2021-07-04_D8,587.0984
2021-07-04_D80,862.66705
2021-07-04_D9,826.94543
2021-07-05_D1,-52.408234
2021-07-05_D10,7.385597
2021-07-05_D11,256.95068
2021-07-05_D12,-7.1886597
2021-07-05_D13,-149.71408
2021-07-05_D14,335.32394
2021-07-05_D15,492.89645
2021-07-05_D16,287.2412
2021-07-05_D17,198.55621
2021-07-05_D18,444.45148
2021-07-05_D19,248.76346
2021-07-05_D2,194.60208
2021-07-05_D20,73.52139
2021-07-05_D21,348.26733
2021-07-05_D22,-8.990082
2021-07-05_D23,274.37744
2021-07-05_D24,281.9028
2021-07-05_D25,40.179398
2021-07-05_D26,114.98542
2021-07-05_D27,28.34674
2021-07-05_D28,219.67184
2021-07-05_D29,35.29562
2021-07-05_D3,43.17134
2021-07-05_D30,-66.57508
2021-07-05_D31,420.3181
2021-07-05_D32,233.96866
2021-07-05_D33,478.92355
2021-07-05_D34,445.9533
2021-07-05_D35,489.83557
2021-07-05_D36,345.51727
2021-07-05_D37,464.3628
2021-07-05_D38,834.7436
2021-07-05_D39,119.18176
2021-07-05_D4,26.107407
2021-07-05_D40,354.27417
2021-07-05_D41,234.22531
2021-07-05_D42,295.8283
2021-07-05_D43,148.69765
2021-07-05_D44,398.63776
2021-07-05_D45,224.73738
2021-07-05_D46,155.90732
2021-07-05_D47,381.67227
2021-07-05_D48,328.81915
2021-07-05_D49,295.4474
2021-07-05_D5,-55.717148
2021-07-05_D50,270.22565
2021-07-05_D51,121.44948
2021-07-05_D52,77.89926
2021-07-05_D53,65.87004
2021-07-05_D54,66.47178
2021-07-05_D55,65.52429
2021-07-05_D56,4.468643
2021-07-05_D57,61.293404
2021-07-05_D58,99.79489
2021-07-05_D59,35.009514
2021-07-05_D6,21.242393
2021-07-05_D60,46.80751
2021-07-05_D61,15.355103
2021-07-05_D62,88.60714
2021-07-05_D63,130.78882
2021-07-05_D64,-26.925964
2021-07-05_D65,37.518997
2021-07-05_D66,24.814713
2021-07-05_D67,9.60466
2021-07-05_D68,60.51682
2021-07-05_D69,27.267975
2021-07-05_D7,-42.278618
2021-07-05_D70,200.19055
2021-07-05_D71,52.132736
2021-07-05_D72,148.75958
2021-07-05_D73,284.21844
2021-07-05_D74,71.383026
2021-07-05_D75,223.82759
2021-07-05_D76,225.22354
2021-07-05_D77,288.456
2021-07-05_D78,317.91293
2021-07-05_D79,248.93404
2021-07-05_D8,-123.04352
2021-07-05_D80,98.77115
2021-07-05_D9,-61.52098
2021-07-06_D1,-69.68584
2021-07-06_D10,51.080597
2021-07-06_D11,1078.0762
2021-07-06_D12,1756.0171
2021-07-06_D13,863.5885
2021-07-06_D14,958.7741
2021-07-06_D15,1255.0775
2021-07-06_D16,1474.0997
2021-07-06_D17,117.85144
2021-07-06_D18,642.3497
2021-07-06_D19,665.7646
2021-07-06_D2,313.14273
2021-07-06_D20,263.7674
2021-07-06_D21,715.6936
2021-07-06_D22,454.03537
2021-07-06_D23,504.62714
2021-07-06_D24,336.12653
2021-07-06_D25,-56.640106
2021-07-06_D26,247.17978
2021-07-06_D27,67.33296
2021-07-06_D28,185.27719
2021-07-06_D29,59.677223
2021-07-06_D3,-27.425781
2021-07-06_D30,-1353.8859
2021-07-06_D31,518.25244
2021-07-06_D32,282.84296
2021-07-06_D33,484.62244
2021-07-06_D34,759.19934
2021-07-06_D35,378.7045
2021-07-06_D36,281.08817
2021-07-06_D37,467.41068
2021-07-06_D38,558.15265
2021-07-06_D39,377.2009
2021-07-06_D4,168.17189
2021-07-06_D40,419.79395
2021-07-06_D41,551.3822
2021-07-06_D42,594.2534
2021-07-06_D43,384.48178
2021-07-06_D44,287.04407
2021-07-06_D45,342.1123
2021-07-06_D46,445.8814
2021-07-06_D47,524.48126
2021-07-06_D48,672.8874
2021-07-06_D49,194.49791
2021-07-06_D5,-56.937164
2021-07-06_D50,302.48975
2021-07-06_D51,48.437927
2021-07-06_D52,123.02132
2021-07-06_D53,75.33087
2021-07-06_D54,71.2646
2021-07-06_D55,-32.839157
2021-07-06_D56,-318.56866
2021-07-06_D57,132.259
2021-07-06_D58,58.546448
2021-07-06_D59,73.56094
2021-07-06_D6,9.115585
2021-07-06_D60,95.49413
2021-07-06_D61,156.62007
2021-07-06_D62,67.63349
2021-07-06_D63,26.991737
2021-07-06_D64,8.284927
2021-07-06_D65,78.81097
2021-07-06_D66,35.593628
2021-07-06_D67,102.80654
2021-07-06_D68,109.698044
2021-07-06_D69,55.096912
2021-07-06_D7,23.342209
2021-07-06_D70,48.927467
2021-07-06_D71,202.59436
2021-07-06_D72,549.2811
2021-07-06_D73,339.16483
2021-07-06_D74,139.9617
2021-07-06_D75,71.53337
2021-07-06_D76,88.53403
2021-07-06_D77,266.75208
2021-07-06_D78,140.48764
2021-07-06_D79,-55.83483
2021-07-06_D8,211.31529
2021-07-06_D80,568.0716
2021-07-06_D9,43.758568
2021-07-07_D1,296.35797
2021-07-07_D10,235.33414
2021-07-07_D11,308.37933
2021-07-07_D12,999.28613
2021-07-07_D13,594.5724
2021-07-07_D14,416.7253
2021-07-07_D15,956.6162
2021-07-07_D16,746.8215
2021-07-07_D17,233.44165
2021-07-07_D18,105.925476
2021-07-07_D19,768.95685
2021-07-07_D2,-175.2098
2021-07-07_D20,110.08304
2021-07-07_D21,524.3886
2021-07-07_D22,256.62183
2021-07-07_D23,416.52148
2021-07-07_D24,207.50606
2021-07-07_D25,161.11237
2021-07-07_D26,276.97818
2021-07-07_D27,87.93555
2021-07-07_D28,125.77385
2021-07-07_D29,155.41475
2021-07-07_D3,72.315765
2021-07-07_D30,-74.54991
2021-07-07_D31,514.18335
2021-07-07_D32,266.05463
2021-07-07_D33,503.5794
2021-07-07_D34,604.30725
2021-07-07_D35,484.9135
2021-07-07_D36,494.30334
2021-07-07_D37,456.8397
2021-07-07_D38,353.57657
2021-07-07_D39,235.36958
2021-07-07_D4,228.80959
2021-07-07_D40,494.0456
2021-07-07_D41,373.48962
2021-07-07_D42,366.13654
2021-07-07_D43,399.5004
2021-07-07_D44,434.217
2021-07-07_D45,436.91376
2021-07-07_D46,401.0382
2021-07-07_D47,296.80182
2021-07-07_D48,542.1485
2021-07-07_D49,161.49968
2021-07-07_D5,25.432396
2021-07-07_D50,378.04288
2021-07-07_D51,42.154167
2021-07-07_D52,242.64694
2021-07-07_D53,299.59482
2021-07-07_D54,91.799805
2021-07-07_D55,20.28305
2021-07-07_D56,166.60167
2021-07-07_D57,155.6276
2021-07-07_D58,64.02796
2021-07-07_D59,130.92825
2021-07-07_D6,20.906319
2021-07-07_D60,34.441925
2021-07-07_D61,63.98426
2021-07-07_D62,68.88538
2021-07-07_D63,53.515182
2021-07-07_D64,14.67453
2021-07-07_D65,63.381287
2021-07-07_D66,84.71568
2021-07-07_D67,66.37406
2021-07-07_D68,85.21155
2021-07-07_D69,93.570435
2021-07-07_D7,40.50528
2021-07-07_D70,89.80118
2021-07-07_D71,576.12476
2021-07-07_D72,405.02344
2021-07-07_D73,199.09122
2021-07-07_D74,440.7923
2021-07-07_D75,379.33624
2021-07-07_D76,344.8601
2021-07-07_D77,314.68115
2021-07-07_D78,529.575
2021-07-07_D79,28.257706
2021-07-07_D8,279.0205
2021-07-07_D80,261.34485
2021-07-07_D9,152.72864
2021-07-08_D1,164.6008
2021-07-08_D10,135.62628
2021-07-08_D11,623.5487
2021-07-08_D12,769.92316
2021-07-08_D13,490.37527
2021-07-08_D14,325.24805
2021-07-08_D15,486.06567
2021-07-08_D16,550.7363
2021-07-08_D17,127.66495
2021-07-08_D18,255.08603
2021-07-08_D19,419.30096
2021-07-08_D2,239.06453
2021-07-08_D20,199.38725
2021-07-08_D21,619.28094
2021-07-08_D22,368.20978
2021-07-08_D23,192.36433
2021-07-08_D24,181.61005
2021-07-08_D25,-71.91279
2021-07-08_D26,132.92554
2021-07-08_D27,23.835571
2021-07-08_D28,99.03002
2021-07-08_D29,133.01804
2021-07-08_D3,-10.326233
2021-07-08_D30,-50.99346
2021-07-08_D31,307.76633
2021-07-08_D32,322.76965
2021-07-08_D33,409.89966
2021-07-08_D34,419.90692
2021-07-08_D35,336.66144
2021-07-08_D36,274.38248
2021-07-08_D37,316.80933
2021-07-08_D38,474.51703
2021-07-08_D39,265.80762
2021-07-08_D4,232.39432
2021-07-08_D40,278.68323
2021-07-08_D41,508.30618
2021-07-08_D42,386.31516
2021-07-08_D43,319.94528
2021-07-08_D44,238.7329
2021-07-08_D45,143.99849
2021-07-08_D46,309.1999
2021-07-08_D47,379.14642
2021-07-08_D48,382.72534
2021-07-08_D49,52.257187
2021-07-08_D5,170.2695
2021-07-08_D50,195.67441
2021-07-08_D51,58.83255
2021-07-08_D52,93.42189
2021-07-08_D53,78.34394
2021-07-08_D54,70.5716
2021-07-08_D55,65.85898
2021-07-08_D56,57.769684
2021-07-08_D57,101.19733
2021-07-08_D58,74.6451
2021-07-08_D59,118.95911
2021-07-08_D6,44.298195
2021-07-08_D60,214.90076
2021-07-08_D61,63.27555
2021-07-08_D62,45.898643
2021-07-08_D63,82.92063
2021-07-08_D64,54.06179
2021-07-08_D65,63.34572
2021-07-08_D66,31.461128
2021-07-08_D67,47.419125
2021-07-08_D68,55.00615
2021-07-08_D69,72.69969
2021-07-08_D7,43.294975
2021-07-08_D70,71.30565
2021-07-08_D71,383.47675
2021-07-08_D72,506.94696
2021-07-08_D73,309.1301
2021-07-08_D74,335.979
2021-07-08_D75,-15.19249
2021-07-08_D76,183.69644
2021-07-08_D77,404.77444
2021-07-08_D78,-42.27466
2021-07-08_D79,246.00146
2021-07-08_D8,196.72363
2021-07-08_D80,216.9634
2021-07-08_D9,104.92251
2021-07-09_D1,253.14093
2021-07-09_D10,80.39672
2021-07-09_D11,464.73306
2021-07-09_D12,499.0844
2021-07-09_D13,298.87103
2021-07-09_D14,410.6325
2021-07-09_D15,477.00674
2021-07-09_D16,284.74258
2021-07-09_D17,285.04434
2021-07-09_D18,83.142456
2021-07-09_D19,227.75972
2021-07-09_D2,2.5250854
2021-07-09_D20,149.84604
2021-07-09_D21,405.90564
2021-07-09_D22,336.4264
2021-07-09_D23,191.28703
2021-07-09_D24,74.78183
2021-07-09_D25,23.882965
2021-07-09_D26,146.0615
2021-07-09_D27,-12.304108
2021-07-09_D28,117.25321
2021-07-09_D29,-17.096329
2021-07-09_D3,-37.08757
2021-07-09_D30,-150.0699
2021-07-09_D31,299.1639
2021-07-09_D32,348.55438
2021-07-09_D33,301.29254
2021-07-09_D34,228.78024
2021-07-09_D35,214.59688
2021-07-09_D36,222.39333
2021-07-09_D37,365.9567
2021-07-09_D38,543.96454
2021-07-09_D39,279.08258
2021-07-09_D4,265.393
2021-07-09_D40,213.40814
2021-07-09_D41,242.39392
2021-07-09_D42,293.52863
2021-07-09_D43,111.54843
2021-07-09_D44,211.82652
2021-07-09_D45,286.3535
2021-07-09_D46,111.51817
2021-07-09_D47,368.5461
2021-07-09_D48,320.41058
2021-07-09_D49,31.621948
2021-07-09_D5,-19.404854
2021-07-09_D50,130.30032
2021-07-09_D51,82.08777
2021-07-09_D52,85.79745
2021-07-09_D53,122.73887
2021-07-09_D54,57.748367
2021-07-09_D55,18.656998
2021-07-09_D56,73.07575
2021-07-09_D57,95.7351
2021-07-09_D58,46.253357
2021-07-09_D59,49.900574
2021-07-09_D6,-114.20775
2021-07-09_D60,-102.55779
2021-07-09_D61,45.024765
2021-07-09_D62,51.716377
2021-07-09_D63,66.20144
2021-07-09_D64,31.957466
2021-07-09_D65,98.43587
2021-07-09_D66,37.944298
2021-07-09_D67,26.095078
2021-07-09_D68,63.44651
2021-07-09_D69,42.8954
2021-07-09_D7,-43.59758
2021-07-09_D70,22.684433
2021-07-09_D71,149.33873
2021-07-09_D72,395.4729
2021-07-09_D73,189.78717
2021-07-09_D74,77.63937
2021-07-09_D75,35.015244
2021-07-09_D76,-214.29373
2021-07-09_D77,493.4184
2021-07-09_D78,-164.85666
2021-07-09_D79,46.794937
2021-07-09_D8,117.53881
2021-07-09_D80,387.5863
2021-07-09_D9,99.60415
2021-07-10_D1,255.5421
2021-07-10_D10,98.404526
2021-07-10_D11,532.8605
2021-07-10_D12,634.52875
2021-07-10_D13,306.25638
2021-07-10_D14,520.4832
2021-07-10_D15,398.6223
2021-07-10_D16,730.5948
2021-07-10_D17,393.89493
2021-07-10_D18,244.77338
2021-07-10_D19,309.55576
2021-07-10_D2,-7.1280212
2021-07-10_D20,73.01886
2021-07-10_D21,813.459
2021-07-10_D22,219.80273
2021-07-10_D23,-26.867401
2021-07-10_D24,96.34898
2021-07-10_D25,130.9378
2021-07-10_D26,82.38773
2021-07-10_D27,70.74823
2021-07-10_D28,231.18852
2021-07-10_D29,56.082794
2021-07-10_D3,-61.444675
2021-07-10_D30,92.55612
2021-07-10_D31,229.35587
2021-07-10_D32,309.8629
2021-07-10_D33,400.83862
2021-07-10_D34,432.9545
2021-07-10_D35,196.95241
2021-07-10_D36,123.30995
2021-07-10_D37,238.95049
2021-07-10_D38,144.08551
2021-07-10_D39,87.0524
2021-07-10_D4,459.51974
2021-07-10_D40,240.4411
2021-07-10_D41,267.12555
2021-07-10_D42,263.7047
2021-07-10_D43,174.53462
2021-07-10_D44,354.48462
2021-07-10_D45,297.23404
2021-07-10_D46,160.92029
2021-07-10_D47,38.28528
2021-07-10_D48,342.8731
2021-07-10_D49,85.350174
2021-07-10_D5,81.41197
2021-07-10_D50,192.30978
2021-07-10_D51,70.69054
2021-07-10_D52,74.74447
2021-07-10_D53,72.76819
2021-07-10_D54,74.777695
2021-07-10_D55,71.09893
2021-07-10_D56,55.752655
2021-07-10_D57,54.797966
2021-07-10_D58,94.064926
2021-07-10_D59,65.90881
2021-07-10_D6,-29.028824
2021-07-10_D60,63.310036
2021-07-10_D61,87.45334
2021-07-10_D62,87.9943
2021-07-10_D63,72.089264
2021-07-10_D64,82.23543
2021-07-10_D65,60.99713
2021-07-10_D66,62.449776
2021-07-10_D67,92.51314
2021-07-10_D68,69.444534
2021-07-10_D69,109.07902
2021-07-10_D7,97.71117
2021-07-10_D70,93.44697
2021-07-10_D71,62.951904
2021-07-10_D72,-391.66144
2021-07-10_D73,254.83095
2021-07-10_D74,148.7314
2021-07-10_D75,403.24365
2021-07-10_D76,386.25162
2021-07-10_D77,266.54913
2021-07-10_D78,108.25307
2021-07-10_D79,271.42972
2021-07-10_D8,149.0826
2021-07-10_D80,352.48712
2021-07-10_D9,91.18627
2021-07-11_D1,823.65015
2021-07-11_D10,403.5075
2021-07-11_D11,401.85577
2021-07-11_D12,704.0908
2021-07-11_D13,46.832306
2021-07-11_D14,948.8445
2021-07-11_D15,1027.6854
2021-07-11_D16,482.46628
2021-07-11_D17,418.03653
2021-07-11_D18,731.47156
2021-07-11_D19,534.5337
2021-07-11_D20,664.161
2021-07-11_D21,440.47668
2021-07-11_D22,149.17303
2021-07-11_D23,308.9624
2021-07-11_D24,106.35039
2021-07-11_D25,82.08491
2021-07-11_D26,173.40686
2021-07-11_D28,323.15057
2021-07-11_D29,89.16153
2021-07-11_D3,238.07956
2021-07-11_D30,69.40042
2021-07-11_D4,940.6868
2021-07-11_D5,615.70996
2021-07-11_D51,71.227936
2021-07-11_D52,74.14889
2021-07-11_D53,37.65226
2021-07-11_D54,73.315315
2021-07-11_D55,65.79414
2021-07-11_D56,67.964195
2021-07-11_D57,52.06817
2021-07-11_D58,53.08989
2021-07-11_D59,85.81833
2021-07-11_D6,64.835365
2021-07-11_D60,58.242645
2021-07-11_D61,58.242645
2021-07-11_D62,87.109566
2021-07-11_D63,40.954
2021-07-11_D64,65.279205
2021-07-11_D65,84.30206
2021-07-11_D66,41.128685
2021-07-11_D67,67.83415
2021-07-11_D68,88.889626
2021-07-11_D69,39.595074
2021-07-11_D7,80.80723
2021-07-11_D70,110.127846
2021-07-11_D71,924.44403
2021-07-11_D72,1157.9567
2021-07-11_D73,632.97974
2021-07-11_D74,821.23254
2021-07-11_D75,645.9881
2021-07-11_D76,792.5346
2021-07-11_D77,554.747
2021-07-11_D78,1000.5283
2021-07-11_D79,872.1506
2021-07-11_D8,462.30096
2021-07-11_D80,825.12463
2021-07-11_D9,944.9208
2021-07-12_D1,90.83197
2021-07-12_D10,74.2012
2021-07-12_D11,649.01965
2021-07-12_D12,322.03683
2021-07-12_D13,445.86536
2021-07-12_D14,172.62552
2021-07-12_D15,320.96423
2021-07-12_D16,150.92867
2021-07-12_D17,-27.901306
2021-07-12_D18,-45.11238
2021-07-12_D19,508.80728
2021-07-12_D2,59.703857
2021-07-12_D20,-3.1262512
2021-07-12_D21,178.77492
2021-07-12_D22,250.77336
2021-07-12_D23,116.76427
2021-07-12_D24,243.36165
2021-07-12_D25,157.4047
2021-07-12_D26,268.8741
2021-07-12_D27,205.56271
2021-07-12_D28,107.91343
2021-07-12_D29,10.7436905
2021-07-12_D3,-186.6856
2021-07-12_D30,-147.57039
2021-07-12_D31,135.85767
2021-07-12_D32,251.71448
2021-07-12_D33,61.218964
2021-07-12_D34,384.44928
2021-07-12_D35,349.4129
2021-07-12_D36,304.49384
2021-07-12_D37,324.25006
2021-07-12_D38,471.8275
2021-07-12_D39,43.66092
2021-07-12_D4,167.5589
2021-07-12_D40,128.5526
2021-07-12_D41,150.52934
2021-07-12_D42,349.00916
2021-07-12_D43,61.488525
2021-07-12_D44,217.86389
2021-07-12_D45,183.63495
2021-07-12_D46,360.325
2021-07-12_D47,352.5976
2021-07-12_D48,214.07755
2021-07-12_D49,3.8255768
2021-07-12_D5,214.9119
2021-07-12_D50,341.38995
2021-07-12_D51,32.73835
2021-07-12_D52,-44.77847
2021-07-12_D53,15.105476
2021-07-12_D54,23.325714
2021-07-12_D55,35.875633
2021-07-12_D56,61.603752
2021-07-12_D57,55.900322
2021-07-12_D58,25.258892
2021-07-12_D59,70.61475
2021-07-12_D6,59.12413
2021-07-12_D60,2.9372864
2021-07-12_D61,32.558853
2021-07-12_D62,32.672737
2021-07-12_D63,57.4565
2021-07-12_D64,30.933525
2021-07-12_D65,88.47172
2021-07-12_D66,63.287777
2021-07-12_D67,51.685562
2021-07-12_D68,44.12556
2021-07-12_D69,33.918594
2021-07-12_D7,17.5102
2021-07-12_D70,31.66178
2021-07-12_D71,152.67897
2021-07-12_D72,537.84235
2021-07-12_D73,215.22284
2021-07-12_D74,155.11046
2021-07-12_D75,120.40578
2021-07-12_D76,165.34547
2021-07-12_D77,152.4713
2021-07-12_D78,79.525955
2021-07-12_D79,143.83356
2021-07-12_D8,137.68826
2021-07-12_D80,99.24065
2021-07-12_D9,112.582344
2021-07-13_D1,-1.4536133
2021-07-13_D10,148.1847
2021-07-13_D11,1313.8804
2021-07-13_D12,1179.9951
2021-07-13_D13,976.5817
2021-07-13_D14,1093.595
2021-07-13_D15,1055.609
2021-07-13_D16,849.11005
2021-07-13_D17,645.5934
2021-07-13_D18,494.59604
2021-07-13_D19,668.5722
2021-07-13_D2,157.63826
2021-07-13_D20,383.6856
2021-07-13_D21,843.11536
2021-07-13_D22,664.31665
2021-07-13_D23,750.33923
2021-07-13_D24,274.93488
2021-07-13_D25,134.27724
2021-07-13_D26,103.05798
2021-07-13_D27,-172.77255
2021-07-13_D28,61.012665
2021-07-13_D29,541.1067
2021-07-13_D3,-64.252396
2021-07-13_D30,80.23865
2021-07-13_D31,449.09058
2021-07-13_D32,581.3845
2021-07-13_D33,579.54095
2021-07-13_D34,798.06146
2021-07-13_D35,442.8673
2021-07-13_D36,217.36386
2021-07-13_D37,334.44382
2021-07-13_D38,156.85382
2021-07-13_D39,209.1278
2021-07-13_D4,-89.20811
2021-07-13_D40,359.43408
2021-07-13_D41,447.4511
2021-07-13_D42,391.66296
2021-07-13_D43,276.26273
2021-07-13_D44,556.1737
2021-07-13_D45,410.96222
2021-07-13_D46,255.9305
2021-07-13_D47,436.88165
2021-07-13_D48,577.8896
2021-07-13_D49,153.89531
2021-07-13_D5,7.6205673
2021-07-13_D50,295.4466
2021-07-13_D51,120.5954
2021-07-13_D52,230.24228
2021-07-13_D53,60.049103
2021-07-13_D54,70.776085
2021-07-13_D55,38.80458
2021-07-13_D56,78.116806
2021-07-13_D57,103.37569
2021-07-13_D58,69.90385
2021-07-13_D59,46.831375
2021-07-13_D6,-4.698166
2021-07-13_D60,76.32259
2021-07-13_D61,58.8957
2021-07-13_D62,73.22755
2021-07-13_D63,162.79742
2021-07-13_D64,26.357056
2021-07-13_D65,42.21204
2021-07-13_D66,57.429382
2021-07-13_D67,89.97125
2021-07-13_D68,60.66878
2021-07-13_D69,86.61616
2021-07-13_D7,-79.25105
2021-07-13_D70,70.82559
2021-07-13_D71,372.5429
2021-07-13_D72,437.1887
2021-07-13_D73,343.6371
2021-07-13_D74,527.70056
2021-07-13_D75,388.21387
2021-07-13_D76,338.32123
2021-07-13_D77,471.07556
2021-07-13_D78,97.29835
2021-07-13_D79,366.8651
2021-07-13_D8,151.20683
2021-07-13_D80,305.9314
2021-07-13_D9,113.24122
2021-07-14_D1,187.45969
2021-07-14_D10,140.11044
2021-07-14_D11,656.26263
2021-07-14_D12,940.98865
2021-07-14_D13,118.41376
2021-07-14_D14,609.3545
2021-07-14_D15,186.25903
2021-07-14_D16,-1.4071045
2021-07-14_D17,-558.86237
2021-07-14_D18,-848.8199
2021-07-14_D19,474.12994
2021-07-14_D2,223.23851
2021-07-14_D20,-90.14312
2021-07-14_D21,425.18582
2021-07-14_D24,311.48547
2021-07-14_D25,19.005516
2021-07-14_D26,86.497574
2021-07-14_D28,835.02734
2021-07-14_D29,251.2325
2021-07-14_D3,-37.809006
2021-07-14_D30,115.04379
2021-07-14_D31,433.88306
2021-07-14_D32,264.4908
2021-07-14_D33,453.54395
2021-07-14_D34,863.17773
2021-07-14_D35,369.06805
2021-07-14_D36,384.17487
2021-07-14_D37,416.95282
2021-07-14_D38,507.36182
2021-07-14_D39,213.15851
2021-07-14_D4,271.39743
2021-07-14_D40,336.49835
2021-07-14_D41,266.21906
2021-07-14_D42,402.09326
2021-07-14_D43,388.78912
2021-07-14_D44,206.04643
2021-07-14_D45,376.87482
2021-07-14_D46,591.49426
2021-07-14_D47,467.73703
2021-07-14_D48,367.28845
2021-07-14_D49,70.55211
2021-07-14_D5,119.76907
2021-07-14_D50,245.14812
2021-07-14_D51,88.6511
2021-07-14_D52,101.19809
2021-07-14_D53,38.826263
2021-07-14_D54,68.068596
2021-07-14_D55,32.894974
2021-07-14_D56,-21.686592
2021-07-14_D57,-22.374283
2021-07-14_D58,8.183685
2021-07-14_D59,66.486374
2021-07-14_D6,-28.2929
2021-07-14_D60,84.90967
2021-07-14_D61,28.208252
2021-07-14_D62,63.780434
2021-07-14_D63,176.68393
2021-07-14_D64,54.0839
2021-07-14_D65,82.28485
2021-07-14_D66,49.510525
2021-07-14_D67,62.596184
2021-07-14_D68,73.62877
2021-07-14_D69,74.21557
2021-07-14_D7,-38.25328
2021-07-14_D70,101.8129
2021-07-14_D71,436.3121
2021-07-14_D72,406.50842
2021-07-14_D73,357.70438
2021-07-14_D74,589.6448
2021-07-14_D75,516.3049
2021-07-14_D76,770.441
2021-07-14_D77,491.1006
2021-07-14_D78,47.5972
2021-07-14_D79,443.16418
2021-07-14_D8,165.82114
2021-07-14_D80,374.85107
2021-07-14_D9,157.7085
2021-07-15_D1,304.57336
2021-07-15_D10,256.4147
2021-07-15_D11,473.50217
2021-07-15_D12,515.43097
2021-07-15_D13,321.49677
2021-07-15_D14,299.33304
2021-07-15_D15,919.42206
2021-07-15_D16,686.7606
2021-07-15_D17,384.81628
2021-07-15_D18,51.396423
2021-07-15_D19,157.378
2021-07-15_D2,148.9046
2021-07-15_D20,55.83069
2021-07-15_D21,242.7843
2021-07-15_D22,535.49664
2021-07-15_D23,326.39154
2021-07-15_D24,181.08063
2021-07-15_D25,-31.531595
2021-07-15_D26,52.590088
2021-07-15_D27,242.09557
2021-07-15_D28,-105.25053
2021-07-15_D3,148.01964
2021-07-15_D30,-693.4546
2021-07-15_D31,372.69324
2021-07-15_D32,299.8364
2021-07-15_D33,327.492
2021-07-15_D34,696.006
2021-07-15_D35,309.42194
2021-07-15_D36,239.64822
2021-07-15_D37,298.5663
2021-07-15_D38,407.82983
2021-07-15_D39,79.957
2021-07-15_D4,232.62018
2021-07-15_D40,213.47833
2021-07-15_D41,361.1015
2021-07-15_D42,333.72937
2021-07-15_D43,251.81465
2021-07-15_D44,314.78723
2021-07-15_D45,195.73764
2021-07-15_D46,219.65157
2021-07-15_D47,277.46405
2021-07-15_D48,356.66016
2021-07-15_D49,9.49778
2021-07-15_D5,11.468262
2021-07-15_D50,159.24133
2021-07-15_D51,58.446068
2021-07-15_D52,92.5585
2021-07-15_D53,68.12153
2021-07-15_D54,40.47055
2021-07-15_D55,34.5688
2021-07-15_D56,35.098717
2021-07-15_D57,65.92575
2021-07-15_D58,23.081062
2021-07-15_D59,64.14736
2021-07-15_D6,57.578598
2021-07-15_D60,28.933891
2021-07-15_D61,70.293724
2021-07-15_D62,56.269585
2021-07-15_D63,66.017845
2021-07-15_D64,75.70483
2021-07-15_D65,68.45919
2021-07-15_D66,67.11275
2021-07-15_D67,48.920963
2021-07-15_D68,69.53049
2021-07-15_D69,86.32374
2021-07-15_D7,284.71002
2021-07-15_D70,75.290886
2021-07-15_D71,228.60287
2021-07-15_D72,391.45847
2021-07-15_D73,380.68634
2021-07-15_D74,190.56772
2021-07-15_D75,-15.602707
2021-07-15_D76,222.80312
2021-07-15_D77,366.06293
2021-07-15_D78,62.461334
2021-07-15_D79,298.82507
2021-07-15_D8,144.6133
2021-07-15_D80,416.37582
2021-07-15_D9,89.96371
2021-07-16_D1,250.62547
2021-07-16_D10,103.005424
2021-07-16_D11,623.4099
2021-07-16_D12,655.3662
2021-07-16_D13,545.58356
2021-07-16_D14,623.9675
2021-07-16_D15,776.12573
2021-07-16_D16,651.44257
2021-07-16_D17,36.646484
2021-07-16_D18,443.7483
2021-07-16_D19,322.41562
2021-07-16_D2,91.96243
2021-07-16_D20,309.81586
2021-07-16_D21,374.63098
2021-07-16_D22,673.2357
2021-07-16_D23,230.31264
2021-07-16_D24,194.4286
2021-07-16_D25,36.5627
2021-07-16_D26,46.89319
2021-07-16_D27,58.920837
2021-07-16_D28,88.87256
2021-07-16_D29,-135.14325
2021-07-16_D3,40.377533
2021-07-16_D30,36.621277
2021-07-16_D31,276.84204
2021-07-16_D32,378.36807
2021-07-16_D33,441.48053
2021-07-16_D34,339.3799
2021-07-16_D35,160.08241
2021-07-16_D36,140.70422
2021-07-16_D37,366.88095
2021-07-16_D38,196.26778
2021-07-16_D39,78.03745
2021-07-16_D4,87.93146
2021-07-16_D40,321.1565
2021-07-16_D41,190.28128
2021-07-16_D42,314.29144
2021-07-16_D43,84.291824
2021-07-16_D44,225.74051
2021-07-16_D45,205.4691
2021-07-16_D46,212.20331
2021-07-16_D47,326.63556
2021-07-16_D48,322.40674
2021-07-16_D49,-28.387268
2021-07-16_D5,73.3098
2021-07-16_D50,82.65886
2021-07-16_D51,63.947037
2021-07-16_D52,76.93485
2021-07-16_D53,57.287598
2021-07-16_D54,43.603165
2021-07-16_D55,34.76297
2021-07-16_D56,48.280952
2021-07-16_D57,31.905464
2021-07-16_D58,124.86417
2021-07-16_D59,34.95836
2021-07-16_D6,37.632042
2021-07-16_D60,37.07544
2021-07-16_D61,43.64843
2021-07-16_D62,46.92421
2021-07-16_D63,53.677773
2021-07-16_D64,50.806564
2021-07-16_D65,62.337616
2021-07-16_D66,55.09677
2021-07-16_D67,67.88739
2021-07-16_D68,48.643448
2021-07-16_D69,56.520645
2021-07-16_D7,32.447304
2021-07-16_D70,64.11662
2021-07-16_D71,116.33165
2021-07-16_D72,400.2366
2021-07-16_D73,234.46268
2021-07-16_D74,71.26784
2021-07-16_D75,165.1285
2021-07-16_D76,141.68031
2021-07-16_D77,178.45854
2021-07-16_D78,21.441154
2021-07-16_D79,68.12135
2021-07-16_D8,167.87375
2021-07-16_D80,213.45993
2021-07-16_D9,64.61792
2021-07-17_D1,72.77945
2021-07-17_D10,143.99835
2021-07-17_D11,280.66302
2021-07-17_D12,731.48987
2021-07-17_D13,285.60803
2021-07-17_D14,504.05023
2021-07-17_D15,909.90485
2021-07-17_D16,742.90656
2021-07-17_D17,750.28784
2021-07-17_D18,319.60373
2021-07-17_D19,183.86243
2021-07-17_D2,130.10468
2021-07-17_D20,593.9055
2021-07-17_D21,351.14362
2021-07-17_D22,502.77692
2021-07-17_D23,257.8212
2021-07-17_D24,94.286026
2021-07-17_D25,45.255707
2021-07-17_D26,82.4137
2021-07-17_D27,-26.825897
2021-07-17_D28,156.67377
2021-07-17_D29,35.225555
2021-07-17_D3,-104.19713
2021-07-17_D30,147.5232
2021-07-17_D31,317.88654
2021-07-17_D32,391.99603
2021-07-17_D33,320.53442
2021-07-17_D34,510.62854
2021-07-17_D35,342.59152
2021-07-17_D36,176.22284
2021-07-17_D37,248.73572
2021-07-17_D38,238.74829
2021-07-17_D39,271.81808
2021-07-17_D4,362.1081
2021-07-17_D40,-145.57285
2021-07-17_D41,248.24716
2021-07-17_D42,369.88196
2021-07-17_D43,156.095
2021-07-17_D44,223.99216
2021-07-17_D45,62.960114
2021-07-17_D46,174.38257
2021-07-17_D47,309.2563
2021-07-17_D48,267.10034
2021-07-17_D49,165.4773
2021-07-17_D5,120.16967
2021-07-17_D50,-14.851044
2021-07-17_D51,28.112717
2021-07-17_D52,93.426735
2021-07-17_D53,89.20633
2021-07-17_D54,19.303993
2021-07-17_D55,50.47705
2021-07-17_D56,86.618965
2021-07-17_D57,105.716675
2021-07-17_D58,36.678078
2021-07-17_D59,52.385498
2021-07-17_D6,48.727806
2021-07-17_D60,62.116356
2021-07-17_D61,50.341705
2021-07-17_D62,45.099915
2021-07-17_D63,47.301277
2021-07-17_D64,47.076706
2021-07-17_D65,72.78269
2021-07-17_D66,88.7065
2021-07-17_D67,71.98195
2021-07-17_D68,73.563805
2021-07-17_D69,116.842865
2021-07-17_D7,47.880234
2021-07-17_D70,87.19766
2021-07-17_D71,226.94757
2021-07-17_D72,514.2467
2021-07-17_D73,261.01093
2021-07-17_D74,165.20123
2021-07-17_D75,278.61383
2021-07-17_D76,127.941345
2021-07-17_D77,252.06015
2021-07-17_D78,265.33356
2021-07-17_D79,118.55199
2021-07-17_D8,299.2681
2021-07-17_D80,356.2375
2021-07-17_D9,-29.567764
2021-07-18_D1,674.3494
2021-07-18_D10,467.8827
2021-07-18_D11,-624.98615
2021-07-18_D12,861.9086
2021-07-18_D13,238.26672
2021-07-18_D14,772.5374
2021-07-18_D15,1336.2212
2021-07-18_D16,604.4947
2021-07-18_D17,139.67352
2021-07-18_D18,757.1044
2021-07-18_D19,473.76324
2021-07-18_D20,26.094238
2021-07-18_D21,345.9831
2021-07-18_D22,310.26385
2021-07-18_D23,89.61543
2021-07-18_D24,215.51518
2021-07-18_D25,111.55404
2021-07-18_D26,219.00526
2021-07-18_D28,351.15756
2021-07-18_D29,182.54474
2021-07-18_D3,166.36798
2021-07-18_D30,70.573
2021-07-18_D4,1020.42926
2021-07-18_D5,377.89706
2021-07-18_D51,128.54956
2021-07-18_D52,59.997612
2021-07-18_D53,218.03876
2021-07-18_D54,58.3077
2021-07-18_D55,100.93049
2021-07-18_D56,124.15644
2021-07-18_D57,79.743004
2021-07-18_D58,87.50558
2021-07-18_D59,187.98407
2021-07-18_D6,122.2121
2021-07-18_D60,5.6588593
2021-07-18_D61,66.18517
2021-07-18_D62,-132.60298
2021-07-18_D63,137.00227
2021-07-18_D64,-10.570976
2021-07-18_D65,77.29701
2021-07-18_D66,94.43535
2021-07-18_D67,110.27986
2021-07-18_D68,108.01329
2021-07-18_D69,93.05414
2021-07-18_D7,191.40584
2021-07-18_D70,87.660324
2021-07-18_D71,734.70984
2021-07-18_D72,712.3328
2021-07-18_D73,589.62103
2021-07-18_D74,885.57166
2021-07-18_D75,1130.7692
2021-07-18_D76,1098.3685
2021-07-18_D77,964.88
2021-07-18_D78,866.4292
2021-07-18_D79,1046.0565
2021-07-18_D8,453.68835
2021-07-18_D80,859.11835
2021-07-18_D9,897.5122
2021-07-19_D1,66.844574
2021-07-19_D10,-11.686462
2021-07-19_D11,191.93372
2021-07-19_D12,75.4523
2021-07-19_D13,-4.1677856
2021-07-19_D14,201.89421
2021-07-19_D15,505.6737
2021-07-19_D16,240.75334
2021-07-19_D17,173.79564
2021-07-19_D18,-74.61125
2021-07-19_D19,231.1283
2021-07-19_D2,202.76413
2021-07-19_D20,234.85687
2021-07-19_D21,372.49078
2021-07-19_D22,377.72348
2021-07-19_D23,226.99347
2021-07-19_D24,1.0621719
2021-07-19_D25,-209.35913
2021-07-19_D26,-18.89431
2021-07-19_D27,8.359085
2021-07-19_D28,-110.53001
2021-07-19_D29,-14.351303
2021-07-19_D3,-161.69096
2021-07-19_D30,-164.89731
2021-07-19_D31,143.91464
2021-07-19_D32,251.88287
2021-07-19_D33,451.39362
2021-07-19_D34,426.5652
2021-07-19_D35,445.3534
2021-07-19_D36,403.91168
2021-07-19_D37,399.14743
2021-07-19_D38,248.36583
2021-07-19_D39,116.40875
2021-07-19_D4,188.30957
2021-07-19_D40,174.37695
2021-07-19_D41,233.48102
2021-07-19_D42,38.71762
2021-07-19_D43,316.65784
2021-07-19_D44,154.99033
2021-07-19_D45,112.83171
2021-07-19_D46,217.51665
2021-07-19_D47,319.79834
2021-07-19_D48,254.7292
2021-07-19_D49,-32.90526
2021-07-19_D5,-104.07572
2021-07-19_D50,230.53125
2021-07-19_D51,-2.7450027
2021-07-19_D52,-76.71858
2021-07-19_D53,136.29419
2021-07-19_D54,-184.68195
2021-07-19_D55,73.28601
2021-07-19_D56,123.43737
2021-07-19_D57,-19.053444
2021-07-19_D58,96.27388
2021-07-19_D59,46.858948
2021-07-19_D6,-7.1909943
2021-07-19_D60,-37.607216
2021-07-19_D61,-387.15314
2021-07-19_D62,40.4557
2021-07-19_D63,9.0091095
2021-07-19_D64,-148.08194
2021-07-19_D65,16.811497
2021-07-19_D66,33.44953
2021-07-19_D67,59.56332
2021-07-19_D68,43.220963
2021-07-19_D69,159.53754
2021-07-19_D7,-52.42064
2021-07-19_D70,48.48455
2021-07-19_D71,179.87302
2021-07-19_D72,229.39398
2021-07-19_D73,69.477905
2021-07-19_D74,209.28442
2021-07-19_D75,-41.521606
2021-07-19_D76,287.2605
2021-07-19_D77,214.79462
2021-07-19_D78,177.03743
2021-07-19_D79,253.23029
2021-07-19_D8,27.106308
2021-07-19_D80,191.09335
2021-07-19_D9,55.681335
2021-07-20_D1,-132.9016
2021-07-20_D10,-30.708878
2021-07-20_D11,753.41235
2021-07-20_D12,1116.7202
2021-07-20_D13,670.2042
2021-07-20_D14,692.0862
2021-07-20_D15,593.8054
2021-07-20_D16,708.95557
2021-07-20_D17,460.94196
2021-07-20_D18,676.5918
2021-07-20_D19,672.4305
2021-07-20_D2,351.97684
2021-07-20_D20,17.405243
2021-07-20_D21,789.0104
2021-07-20_D22,490.71777
2021-07-20_D23,495.34537
2021-07-20_D24,127.85794
2021-07-20_D25,-2.8483734
2021-07-20_D26,61.35073
2021-07-20_D27,81.152466
2021-07-20_D28,22.502197
2021-07-20_D29,174.55597
2021-07-20_D3,25.344772
2021-07-20_D30,29.053223
2021-07-20_D31,437.35095
2021-07-20_D32,541.0535
2021-07-20_D33,41.522644
2021-07-20_D34,728.87976
2021-07-20_D35,445.01093
2021-07-20_D36,205.18428
2021-07-20_D37,386.88397
2021-07-20_D38,41.327087
2021-07-20_D39,37.942093
2021-07-20_D4,19.465057
2021-07-20_D40,366.1073
2021-07-20_D41,343.33606
2021-07-20_D42,77.085236
2021-07-20_D43,107.332596
2021-07-20_D44,318.58453
2021-07-20_D45,284.51685
2021-07-20_D46,321.67615
2021-07-20_D47,390.8437
2021-07-20_D48,305.28427
2021-07-20_D49,8.268143
2021-07-20_D5,-27.749825
2021-07-20_D50,154.5756
2021-07-20_D51,-31.229599
2021-07-20_D52,29.035187
2021-07-20_D53,246.17278
2021-07-20_D54,148.36139
2021-07-20_D55,108.01244
2021-07-20_D56,155.91232
2021-07-20_D57,-187.29451
2021-07-20_D58,112.44213
2021-07-20_D59,202.35495
2021-07-20_D6,-1.5922546
2021-07-20_D60,114.844765
2021-07-20_D61,-80.703766
2021-07-20_D62,69.037994
2021-07-20_D63,75.411255
2021-07-20_D64,22.232529
2021-07-20_D65,44.207565
2021-07-20_D66,70.5856
2021-07-20_D67,66.21251
2021-07-20_D68,57.739273
2021-07-20_D69,255.4577
2021-07-20_D7,39.22242
2021-07-20_D70,-85.583336
2021-07-20_D71,173.30295
2021-07-20_D72,690.556
2021-07-20_D73,171.813
2021-07-20_D74,190.55583
2021-07-20_D75,553.1731
2021-07-20_D76,326.19635
2021-07-20_D77,397.4057
2021-07-20_D78,342.16833
2021-07-20_D79,132.04149
2021-07-20_D8,361.44775
2021-07-20_D80,587.1043
2021-07-20_D9,21.66803
2021-07-21_D1,153.93575
2021-07-21_D10,-12.293396
2021-07-21_D11,1068.56
2021-07-21_D12,794.80566
2021-07-21_D13,394.5008
2021-07-21_D14,530.38354
2021-07-21_D15,1045.221
2021-07-21_D16,379.0074
2021-07-21_D17,40.381653
2021-07-21_D18,931.08716
2021-07-21_D19,261.27307
2021-07-21_D2,319.22327
2021-07-21_D20,458.68005
2021-07-21_D21,595.72815
2021-07-21_D22,342.54034
2021-07-21_D23,415.0576
2021-07-21_D24,183.8603
2021-07-21_D25,265.16898
2021-07-21_D26,0.6806488
2021-07-21_D27,-1077.7617
2021-07-21_D28,231.60101
2021-07-21_D29,151.68044
2021-07-21_D3,140.74904
2021-07-21_D30,-68.14853
2021-07-21_D31,283.76035
2021-07-21_D32,675.7539
2021-07-21_D33,418.66998
2021-07-21_D34,436.71213
2021-07-21_D35,279.69464
2021-07-21_D36,187.10283
2021-07-21_D37,258.29327
2021-07-21_D38,672.3989
2021-07-21_D39,216.66638
2021-07-21_D4,270.85727
2021-07-21_D40,252.42613
2021-07-21_D41,328.76917
2021-07-21_D42,211.24283
2021-07-21_D43,270.47714
2021-07-21_D44,305.48163
2021-07-21_D45,188.24565
2021-07-21_D46,488.63257
2021-07-21_D47,390.05
2021-07-21_D48,349.03195
2021-07-21_D49,85.811226
2021-07-21_D5,105.87557
2021-07-21_D50,225.75618
2021-07-21_D51,103.3178
2021-07-21_D52,23.671074
2021-07-21_D53,149.26308
2021-07-21_D54,232.97911
2021-07-21_D55,-80.09694
2021-07-21_D56,-111.89287
2021-07-21_D57,109.1377
2021-07-21_D58,150.0394
2021-07-21_D59,181.5307
2021-07-21_D6,76.79718
2021-07-21_D60,-45.80256
2021-07-21_D61,-15.808777
2021-07-21_D62,-135.87363
2021-07-21_D63,35.97608
2021-07-21_D64,32.166573
2021-07-21_D65,76.731255
2021-07-21_D66,44.596886
2021-07-21_D67,45.24624
2021-07-21_D68,21.37799
2021-07-21_D69,166.66286
2021-07-21_D7,14.095444
2021-07-21_D70,131.29617
2021-07-21_D71,118.60011
2021-07-21_D72,542.1134
2021-07-21_D73,151.44952
2021-07-21_D74,210.13583
2021-07-21_D75,174.52528
2021-07-21_D76,115.78754
2021-07-21_D77,330.38943
2021-07-21_D78,17.319061
2021-07-21_D79,34.37915
2021-07-21_D8,215.16342
2021-07-21_D80,234.77065
2021-07-21_D9,69.553505
2021-07-22_D1,174.30524
2021-07-22_D10,69.87315
2021-07-22_D11,456.42194
2021-07-22_D12,574.1857
2021-07-22_D13,74.29425
2021-07-22_D14,323.0236
2021-07-22_D15,1180.0647
2021-07-22_D16,163.38345
2021-07-22_D17,222.20999
2021-07-22_D18,283.97427
2021-07-22_D19,173.46378
2021-07-22_D2,220.52795
2021-07-22_D20,296.6054
2021-07-22_D21,461.2645
2021-07-22_D22,280.03375
2021-07-22_D23,219.3295
2021-07-22_D24,43.80104
2021-07-22_D25,70.08177
2021-07-22_D26,22.565308
2021-07-22_D27,38.092842
2021-07-22_D28,52.8442
2021-07-22_D29,188.58649
2021-07-22_D3,2.148758
2021-07-22_D30,16.217285
2021-07-22_D31,275.00476
2021-07-22_D32,303.13538
2021-07-22_D33,297.66815
2021-07-22_D34,466.19754
2021-07-22_D35,128.29773
2021-07-22_D36,107.14867
2021-07-22_D37,172.68146
2021-07-22_D38,347.50183
2021-07-22_D39,74.14108
2021-07-22_D4,232.11258
2021-07-22_D40,125.37224
2021-07-22_D41,162.82794
2021-07-22_D42,162.8678
2021-07-22_D43,80.34393
2021-07-22_D44,162.62173
2021-07-22_D45,271.73764
2021-07-22_D46,106.68558
2021-07-22_D47,238.60458
2021-07-22_D48,190.05785
2021-07-22_D49,3.9781113
2021-07-22_D5,41.634995
2021-07-22_D50,170.85709
2021-07-22_D51,38.60309
2021-07-22_D52,65.62073
2021-07-22_D53,129.33514
2021-07-22_D54,61.121735
2021-07-22_D55,131.52083
2021-07-22_D56,64.86727
2021-07-22_D57,45.70121
2021-07-22_D58,132.9954
2021-07-22_D59,84.57919
2021-07-22_D6,99.70155
2021-07-22_D60,-15.8510895
2021-07-22_D61,36.76187
2021-07-22_D62,71.45677
2021-07-22_D63,124.42049
2021-07-22_D64,37.65638
2021-07-22_D65,53.475906
2021-07-22_D66,43.291393
2021-07-22_D67,29.8378
2021-07-22_D68,433.03275
2021-07-22_D69,116.17056
2021-07-22_D7,121.86867
2021-07-22_D70,31.182861
2021-07-22_D71,493.66656
2021-07-22_D72,239.01085
2021-07-22_D73,128.72876
2021-07-22_D74,117.79678
2021-07-22_D75,27.534012
2021-07-22_D76,113.56882
2021-07-22_D77,328.52316
2021-07-22_D78,262.6697
2021-07-22_D79,97.1543
2021-07-22_D8,314.08163
2021-07-22_D80,360.96088
2021-07-22_D9,119.73168
2021-07-23_D1,125.27171
2021-07-23_D10,82.864586
2021-07-23_D11,281.42075
2021-07-23_D12,577.93494
2021-07-23_D13,336.67593
2021-07-23_D14,316.29068
2021-07-23_D15,434.67566
2021-07-23_D16,255.66202
2021-07-23_D17,149.15207
2021-07-23_D18,488.95184
2021-07-23_D19,228.71191
2021-07-23_D2,217.15166
2021-07-23_D20,151.98747
2021-07-23_D21,358.3429
2021-07-23_D22,288.93564
2021-07-23_D23,144.17749
2021-07-23_D24,289.24738
2021-07-23_D25,67.66237
2021-07-23_D26,93.231
2021-07-23_D27,255.82135
2021-07-23_D28,264.63385
2021-07-23_D29,-1.2257538
2021-07-23_D3,38.714523
2021-07-23_D30,-2.957161
2021-07-23_D31,162.27684
2021-07-23_D32,56.01111
2021-07-23_D33,223.07964
2021-07-23_D34,163.29338
2021-07-23_D35,190.38678
2021-07-23_D36,198.49945
2021-07-23_D37,317.527
2021-07-23_D38,249.65697
2021-07-23_D39,129.28415
2021-07-23_D4,141.26126
2021-07-23_D40,110.56233
2021-07-23_D41,196.30243
2021-07-23_D42,134.17572
2021-07-23_D43,65.33867
2021-07-23_D44,135.69484
2021-07-23_D45,112.166336
2021-07-23_D46,139.68893
2021-07-23_D47,-130.44864
2021-07-23_D48,179.73514
2021-07-23_D49,57.50202
2021-07-23_D5,23.07064
2021-07-23_D50,149.42325
2021-07-23_D51,72.44718
2021-07-23_D52,110.87194
2021-07-23_D53,262.33698
2021-07-23_D54,74.849625
2021-07-23_D55,36.560806
2021-07-23_D56,69.34368
2021-07-23_D57,139.4822
2021-07-23_D58,84.07571
2021-07-23_D59,260.7986
2021-07-23_D6,21.464813
2021-07-23_D60,77.034256
2021-07-23_D61,-10.045311
2021-07-23_D62,83.10079
2021-07-23_D63,76.731186
2021-07-23_D64,58.705643
2021-07-23_D65,54.86448
2021-07-23_D66,2.0517616
2021-07-23_D67,77.100174
2021-07-23_D68,21.216377
2021-07-23_D69,236.82858
2021-07-23_D7,26.107918
2021-07-23_D70,61.3916
2021-07-23_D71,169.1164
2021-07-23_D72,193.00354
2021-07-23_D73,117.62952
2021-07-23_D74,115.64996
2021-07-23_D75,87.16205
2021-07-23_D76,176.64551
2021-07-23_D77,229.63753
2021-07-23_D78,183.08714
2021-07-23_D79,22.21605
2021-07-23_D8,213.58871
2021-07-23_D80,251.67142
2021-07-23_D9,69.951035
2021-07-24_D1,88.57144
2021-07-24_D10,105.51125
2021-07-24_D11,190.22647
2021-07-24_D12,482.08582
2021-07-24_D13,80.06662
2021-07-24_D14,514.45056
2021-07-24_D15,634.1799
2021-07-24_D16,627.6492
2021-07-24_D17,-95.4151
2021-07-24_D18,333.37543
2021-07-24_D19,274.83954
2021-07-24_D2,262.81836
2021-07-24_D20,229.46779
2021-07-24_D21,208.65227
2021-07-24_D22,401.3512
2021-07-24_D23,512.1969
2021-07-24_D24,54.69786
2021-07-24_D25,-27.545006
2021-07-24_D26,89.74762
2021-07-24_D27,136.38907
2021-07-24_D28,82.64139
2021-07-24_D29,5.9098816
2021-07-24_D3,34.121223
2021-07-24_D30,80.38742
2021-07-24_D31,213.12462
2021-07-24_D32,182.9471
2021-07-24_D33,243.6249
2021-07-24_D34,326.46277
2021-07-24_D35,102.24289
2021-07-24_D36,48.077164
2021-07-24_D37,202.82132
2021-07-24_D38,146.05742
2021-07-24_D39,165.02408
2021-07-24_D4,341.28497
2021-07-24_D40,69.364044
2021-07-24_D41,84.22484
2021-07-24_D42,180.29391
2021-07-24_D43,28.846954
2021-07-24_D44,96.65782
2021-07-24_D45,70.79051
2021-07-24_D46,272.74088
2021-07-24_D47,88.90198
2021-07-24_D48,293.6615
2021-07-24_D49,127.032936
2021-07-24_D5,49.879967
2021-07-24_D50,115.839935
2021-07-24_D51,48.59545
2021-07-24_D52,77.85145
2021-07-24_D53,198.40002
2021-07-24_D54,77.60598
2021-07-24_D55,81.82548
2021-07-24_D56,167.1835
2021-07-24_D57,98.68884
2021-07-24_D58,67.762344
2021-07-24_D59,121.99233
2021-07-24_D6,59.502525
2021-07-24_D60,62.372093
2021-07-24_D61,67.52061
2021-07-24_D62,109.23069
2021-07-24_D63,68.852646
2021-07-24_D64,80.58446
2021-07-24_D65,68.64996
2021-07-24_D66,-367.64047
2021-07-24_D67,86.71774
2021-07-24_D68,35.07006
2021-07-24_D69,156.71799
2021-07-24_D7,170.90294
2021-07-24_D70,65.79109
2021-07-24_D71,823.7156
2021-07-24_D72,413.91074
2021-07-24_D73,312.03156
2021-07-24_D74,313.09216
2021-07-24_D75,394.0507
2021-07-24_D76,689.0474
2021-07-24_D77,370.01788
2021-07-24_D78,250.33197
2021-07-24_D79,298.05966
2021-07-24_D8,323.80682
2021-07-24_D80,339.8946
2021-07-24_D9,146.97072
2021-07-25_D1,729.2199
2021-07-25_D10,309.76904
2021-07-25_D11,301.97485
2021-07-25_D12,-491.09735
2021-07-25_D13,-581.3549
2021-07-25_D14,970.14594
2021-07-25_D15,549.4291
2021-07-25_D16,473.68512
2021-07-25_D17,248.08083
2021-07-25_D18,422.8232
2021-07-25_D19,297.09753
2021-07-25_D20,270.02594
2021-07-25_D21,144.8386
2021-07-25_D22,486.94458
2021-07-25_D23,377.59274
2021-07-25_D24,146.30927
2021-07-25_D25,232.26683
2021-07-25_D26,121.91674
2021-07-25_D28,-50.601807
2021-07-25_D29,42.53012
2021-07-25_D3,130.71777
2021-07-25_D30,141.95187
2021-07-25_D4,904.5931
2021-07-25_D5,159.28993
2021-07-25_D51,53.359756
2021-07-25_D52,74.38226
2021-07-25_D53,346.8405
2021-07-25_D54,54.32556
2021-07-25_D55,65.423996
2021-07-25_D56,166.38705
2021-07-25_D57,127.43243
2021-07-25_D58,93.33394
2021-07-25_D59,392.01614
2021-07-25_D6,180.8002
2021-07-25_D60,73.86224
2021-07-25_D61,75.340836
2021-07-25_D62,63.097923
2021-07-25_D63,114.48884
2021-07-25_D64,56.35898
2021-07-25_D65,94.21865
2021-07-25_D66,-117.339645
2021-07-25_D67,96.98356
2021-07-25_D68,82.34744
2021-07-25_D69,227.19647
2021-07-25_D7,119.64387
2021-07-25_D70,87.89897
2021-07-25_D71,941.646
2021-07-25_D72,1192.4581
2021-07-25_D73,462.89847
2021-07-25_D74,1122.05
2021-07-25_D75,862.2652
2021-07-25_D76,1452.7374
2021-07-25_D77,500.49146
2021-07-25_D78,1042.557
2021-07-25_D79,926.9868
2021-07-25_D8,581.3851
2021-07-25_D80,799.2136
2021-07-25_D9,777.9006
2021-07-26_D1,25.1315
2021-07-26_D10,-44.036255
2021-07-26_D11,435.27792
2021-07-26_D12,308.7595
2021-07-26_D13,197.25156
2021-07-26_D14,182.39609
2021-07-26_D15,446.44452
2021-07-26_D16,61.574905
2021-07-26_D17,294.66013
2021-07-26_D18,32.47821
2021-07-26_D19,106.914536
2021-07-26_D2,-2.3408508
2021-07-26_D20,284.77853
2021-07-26_D21,326.5374
2021-07-26_D22,276.7354
2021-07-26_D23,111.604095
2021-07-26_D24,584.0059
2021-07-26_D25,65.800575
2021-07-26_D26,39.924316
2021-07-26_D27,24.178024
2021-07-26_D28,197.4229
2021-07-26_D29,-18.458054
2021-07-26_D3,-85.94834
2021-07-26_D30,73.55806
2021-07-26_D31,42.972595
2021-07-26_D32,78.00391
2021-07-26_D33,260.92352
2021-07-26_D34,281.54886
2021-07-26_D35,339.41376
2021-07-26_D36,274.76642
2021-07-26_D37,210.3626
2021-07-26_D38,369.47964
2021-07-26_D39,60.83934
2021-07-26_D4,138.83221
2021-07-26_D40,162.44678
2021-07-26_D41,360.7424
2021-07-26_D42,248.96481
2021-07-26_D43,12.246536
2021-07-26_D44,165.95367
2021-07-26_D45,26.270432
2021-07-26_D46,14.255875
2021-07-26_D47,298.6101
2021-07-26_D48,422.84897
2021-07-26_D49,64.16109
2021-07-26_D5,-54.11332
2021-07-26_D50,59.98474
2021-07-26_D51,60.556786
2021-07-26_D52,4.937454
2021-07-26_D53,-19.115051
2021-07-26_D54,27.262726
2021-07-26_D55,147.09814
2021-07-26_D56,265.45148
2021-07-26_D57,68.36141
2021-07-26_D58,155.36041
2021-07-26_D59,72.03748
2021-07-26_D6,-3.1977234
2021-07-26_D60,29.169151
2021-07-26_D61,334.35626
2021-07-26_D62,41.839493
2021-07-26_D63,30.345741
2021-07-26_D64,-180.72758
2021-07-26_D65,16.632835
2021-07-26_D66,33.138786
2021-07-26_D67,20.78258
2021-07-26_D68,-50.01094
2021-07-26_D69,197.24774
2021-07-26_D7,-66.579735
2021-07-26_D70,27.436935
2021-07-26_D71,79.797775
2021-07-26_D72,391.68527
2021-07-26_D73,31.037369
2021-07-26_D74,113.30496
2021-07-26_D75,732.0862
2021-07-26_D76,44.219315
2021-07-26_D77,93.78914
2021-07-26_D78,-52.610703
2021-07-26_D79,79.29892
2021-07-26_D8,87.51507
2021-07-26_D80,234.76477
2021-07-26_D9,73.4395
2021-07-27_D1,264.65964
2021-07-27_D10,66.679565
2021-07-27_D11,701.0043
2021-07-27_D12,1010.75464
2021-07-27_D13,770.1201
2021-07-27_D14,728.23444
2021-07-27_D15,1021.3318
2021-07-27_D16,627.7445
2021-07-27_D17,712.25085
2021-07-27_D18,136.37518
2021-07-27_D19,325.70792
2021-07-27_D2,53.112854
2021-07-27_D20,40.067352
2021-07-27_D21,465.3614
2021-07-27_D22,85.59671
2021-07-27_D23,580.7479
2021-07-27_D24,125.89499
2021-07-27_D25,30.125732
2021-07-27_D26,-80.85333
2021-07-27_D27,-38.822678
2021-07-27_D28,483.9979
2021-07-27_D29,18.452072
2021-07-27_D3,-18.826187
2021-07-27_D30,-122.11848
2021-07-27_D31,261.4714
2021-07-27_D32,200.31772
2021-07-27_D33,7.6591187
2021-07-27_D34,416.2398
2021-07-27_D35,-44.5708
2021-07-27_D36,108.03839
2021-07-27_D37,395.43463
2021-07-27_D38,205.24747
2021-07-27_D39,-63.068634
2021-07-27_D4,-44.45405
2021-07-27_D40,22.19136
2021-07-27_D41,374.42838
2021-07-27_D42,133.79102
2021-07-27_D43,143.20367
2021-07-27_D44,278.41046
2021-07-27_D45,329.27197
2021-07-27_D46,-309.92493
2021-07-27_D47,392.09235
2021-07-27_D48,431.57025
2021-07-27_D49,-67.69176
2021-07-27_D5,79.52927
2021-07-27_D50,56.171722
2021-07-27_D51,131.31636
2021-07-27_D52,7.4206085
2021-07-27_D53,176.84227
2021-07-27_D54,-12.15155
2021-07-27_D55,144.75916
2021-07-27_D56,37.57238
2021-07-27_D57,144.176
2021-07-27_D58,99.54084
2021-07-27_D59,225.91374
2021-07-27_D6,154.39294
2021-07-27_D60,2.7489395
2021-07-27_D61,114.7586
2021-07-27_D62,84.44865
2021-07-27_D63,111.65396
2021-07-27_D64,99.70322
2021-07-27_D65,45.20482
2021-07-27_D66,76.41397
2021-07-27_D67,73.87721
2021-07-27_D68,11.37236
2021-07-27_D69,170.13295
2021-07-27_D7,90.01272
2021-07-27_D70,73.06084
2021-07-27_D71,592.2961
2021-07-27_D72,239.8221
2021-07-27_D73,1.8626785
2021-07-27_D74,911.81555
2021-07-27_D75,14.58255
2021-07-27_D76,221.15634
2021-07-27_D77,382.62628
2021-07-27_D78,-81.41248
2021-07-27_D79,33.342728
2021-07-27_D8,216.25195
2021-07-27_D80,-197.28827
2021-07-27_D9,93.17588
2021-07-28_D1,-51.080048
2021-07-28_D10,0.09705353
2021-07-28_D11,244.01028
2021-07-28_D12,633.0364
2021-07-28_D13,357.5927
2021-07-28_D14,291.16342
2021-07-28_D15,737.8651
2021-07-28_D16,457.19418
2021-07-28_D17,483.0326
2021-07-28_D18,120.8035
2021-07-28_D19,377.00427
2021-07-28_D2,437.84625
2021-07-28_D20,563.0835
2021-07-28_D21,403.3168
2021-07-28_D22,448.56415
2021-07-28_D23,331.9686
2021-07-28_D24,76.852875
2021-07-28_D25,196.20412
2021-07-28_D26,37.545197
2021-07-28_D27,198.99438
2021-07-28_D28,259.3161
2021-07-28_D29,95.187744
2021-07-28_D3,26.85727
2021-07-28_D30,28.895851
2021-07-28_D31,185.7602
2021-07-28_D32,230.7742
2021-07-28_D33,482.17212
2021-07-28_D34,60.075623
2021-07-28_D35,292.73865
2021-07-28_D36,169.668
2021-07-28_D37,208.82721
2021-07-28_D38,342.10156
2021-07-28_D39,56.449566
2021-07-28_D4,226.62325
2021-07-28_D40,228.91888
2021-07-28_D41,190.34189
2021-07-28_D42,293.85083
2021-07-28_D43,91.359436
2021-07-28_D44,199.6418
2021-07-28_D45,93.319046
2021-07-28_D46,120.28665
2021-07-28_D47,165.50586
2021-07-28_D48,283.15594
2021-07-28_D49,21.865211
2021-07-28_D5,13.033905
2021-07-28_D50,165.94354
2021-07-28_D51,34.112656
2021-07-28_D52,60.740715
2021-07-28_D53,119.0236
2021-07-28_D54,81.02473
2021-07-28_D55,105.61326
2021-07-28_D56,-25.701874
2021-07-28_D57,2.1007767
2021-07-28_D58,51.78813
2021-07-28_D59,193.4881
2021-07-28_D6,74.56549
2021-07-28_D60,-10.766991
2021-07-28_D61,-64.16942
2021-07-28_D62,59.393448
2021-07-28_D63,48.638474
2021-07-28_D64,75.0889
2021-07-28_D65,121.69133
2021-07-28_D66,18.797512
2021-07-28_D67,90.62167
2021-07-28_D68,46.424606
2021-07-28_D69,60.004616
2021-07-28_D7,140.78885
2021-07-28_D70,73.14447
2021-07-28_D71,248.32016
2021-07-28_D72,430.10004
2021-07-28_D73,328.47192
2021-07-28_D74,270.33493
2021-07-28_D75,134.21295
2021-07-28_D76,735.2899
2021-07-28_D77,425.26575
2021-07-28_D78,28.536942
2021-07-28_D79,169.12126
2021-07-28_D8,138.768
2021-07-28_D80,196.22029
2021-07-28_D9,78.83435
2021-07-29_D1,245.33232
2021-07-29_D10,98.534904
2021-07-29_D11,501.38928
2021-07-29_D12,548.1169
2021-07-29_D13,277.5052
2021-07-29_D14,193.58405
2021-07-29_D15,698.1106
2021-07-29_D16,356.52606
2021-07-29_D17,268.40668
2021-07-29_D18,165.94815
2021-07-29_D19,295.01505
2021-07-29_D2,630.37286
2021-07-29_D20,300.47772
2021-07-29_D21,312.32315
2021-07-29_D22,403.70917
2021-07-29_D23,153.0833
2021-07-29_D24,34.54355
2021-07-29_D25,54.247955
2021-07-29_D26,35.99755
2021-07-29_D27,82.89389
2021-07-29_D28,40.308243
2021-07-29_D29,85.184784
2021-07-29_D3,20.752457
2021-07-29_D30,4.2796936
2021-07-29_D31,258.3133
2021-07-29_D32,246.26573
2021-07-29_D33,171.1547
2021-07-29_D34,424.13733
2021-07-29_D35,228.06686
2021-07-29_D36,53.53015
2021-07-29_D37,221.1456
2021-07-29_D38,155.67137
2021-07-29_D39,-3.2174988
2021-07-29_D4,193.38112
2021-07-29_D40,94.85387
2021-07-29_D41,105.55783
2021-07-29_D42,109.97101
2021-07-29_D43,8.507797
2021-07-29_D44,128.3608
2021-07-29_D45,36.283417
2021-07-29_D46,-776.6391
2021-07-29_D47,174.3983
2021-07-29_D48,148.56453
2021-07-29_D49,-26.272919
2021-07-29_D5,1.0982513
2021-07-29_D50,-4.1323853
2021-07-29_D51,66.06461
2021-07-29_D52,97.97851
2021-07-29_D53,76.90293
2021-07-29_D54,12.804886
2021-07-29_D55,14.767853
2021-07-29_D56,43.51612
2021-07-29_D57,114.93916
2021-07-29_D58,-43.225647
2021-07-29_D59,60.612816
2021-07-29_D6,40.674026
2021-07-29_D60,-65.72776
2021-07-29_D61,28.408546
2021-07-29_D62,47.752235
2021-07-29_D63,0.55294037
2021-07-29_D64,93.42149
2021-07-29_D65,54.976578
2021-07-29_D66,-52.482872
2021-07-29_D67,46.251766
2021-07-29_D68,54.66732
2021-07-29_D69,140.66687
2021-07-29_D7,-28.373528
2021-07-29_D70,63.745193
2021-07-29_D71,399.3006
2021-07-29_D72,340.28918
2021-07-29_D73,230.5359
2021-07-29_D74,210.53386
2021-07-29_D75,79.888916
2021-07-29_D76,190.17389
2021-07-29_D77,270.17303
2021-07-29_D78,79.73396
2021-07-29_D79,31.038574
2021-07-29_D8,217.41302
2021-07-29_D80,119.25783
2021-07-29_D9,101.73912
2021-07-30_D1,151.6361
2021-07-30_D10,10.016045
2021-07-30_D11,277.61874
2021-07-30_D12,527.2449
2021-07-30_D13,225.67374
2021-07-30_D14,314.51743
2021-07-30_D15,751.83093
2021-07-30_D16,406.80408
2021-07-30_D17,57.423523
2021-07-30_D18,30.140045
2021-07-30_D19,140.75226
2021-07-30_D2,293.17584
2021-07-30_D20,233.70888
2021-07-30_D21,179.829
2021-07-30_D22,93.95883
2021-07-30_D23,226.19046
2021-07-30_D24,47.90605
2021-07-30_D25,54.34973
2021-07-30_D26,-2.1584778
2021-07-30_D27,77.287384
2021-07-30_D28,71.49042
2021-07-30_D29,20.54422
2021-07-30_D3,-39.370964
2021-07-30_D30,-105.59085
2021-07-30_D31,154.00067
2021-07-30_D32,96.506256
2021-07-30_D33,304.20007
2021-07-30_D34,223.08617
2021-07-30_D35,63.51892
2021-07-30_D36,-3.3391266
2021-07-30_D37,152.46693
2021-07-30_D38,75.07538
2021-07-30_D39,-50.900352
2021-07-30_D4,153.21153
2021-07-30_D40,-1.9694061
2021-07-30_D41,82.35103
2021-07-30_D42,106.57741
2021-07-30_D43,50.036514
2021-07-30_D44,91.55165
2021-07-30_D45,49.707596
2021-07-30_D46,10.487366
2021-07-30_D47,115.725494
2021-07-30_D48,53.721146
2021-07-30_D49,-49.028015
2021-07-30_D5,-19.015282
2021-07-30_D50,-13.489075
2021-07-30_D51,44.991753
2021-07-30_D52,24.836296
2021-07-30_D53,63.85956
2021-07-30_D54,-138.68517
2021-07-30_D55,63.158363
2021-07-30_D56,102.50719
2021-07-30_D57,56.168297
2021-07-30_D58,92.8356
2021-07-30_D59,83.749374
2021-07-30_D6,74.91433
2021-07-30_D60,45.673416
2021-07-30_D61,57.04148
2021-07-30_D62,89.20503
2021-07-30_D63,50.29554
2021-07-30_D64,63.910103
2021-07-30_D65,-26.323242
2021-07-30_D66,84.44269
2021-07-30_D67,62.257538
2021-07-30_D68,64.16032
2021-07-30_D69,79.541794
2021-07-30_D7,-23.928444
2021-07-30_D70,67.802345
2021-07-30_D71,16.485657
2021-07-30_D72,110.88208
2021-07-30_D73,148.6065
2021-07-30_D74,175.39812
2021-07-30_D75,33.101456
2021-07-30_D76,59.357513
2021-07-30_D77,-343.18506
2021-07-30_D78,179.73077
2021-07-30_D79,184.14352
2021-07-30_D8,137.73419
2021-07-30_D80,26.225418
2021-07-30_D9,38.21044
2021-07-31_D1,183.80177
2021-07-31_D10,183.09125
2021-07-31_D11,130.70981
2021-07-31_D12,658.3021
2021-07-31_D13,-202.96915
2021-07-31_D14,407.00372
2021-07-31_D15,624.1989
2021-07-31_D16,151.94116
2021-07-31_D17,454.54245
2021-07-31_D18,104.9339
2021-07-31_D19,89.546265
2021-07-31_D2,502.29996
2021-07-31_D20,333.48248
2021-07-31_D21,260.7506
2021-07-31_D22,296.05145
2021-07-31_D23,193.44699
2021-07-31_D24,-1.8361969
2021-07-31_D25,186.36356
2021-07-31_D26,55.70397
2021-07-31_D27,-149.64417
2021-07-31_D28,106.51669
2021-07-31_D29,-39.238747
2021-07-31_D3,-32.043198
2021-07-31_D30,25.985641
2021-07-31_D31,106.5979
2021-07-31_D32,68.93579
2021-07-31_D33,275.51065
2021-07-31_D34,127.2088
2021-07-31_D35,174.27428
2021-07-31_D36,72.83217
2021-07-31_D37,112.17667
2021-07-31_D38,79.0016
2021-07-31_D39,74.96512
2021-07-31_D4,266.78888
2021-07-31_D40,-0.42323303
2021-07-31_D41,110.263565
2021-07-31_D42,119.53586
2021-07-31_D43,-1.9669342
2021-07-31_D44,29.020844
2021-07-31_D45,-10.243317
2021-07-31_D46,89.49226
2021-07-31_D47,77.185196
2021-07-31_D48,202.96121
2021-07-31_D49,138.69342
2021-07-31_D5,-15.977531
2021-07-31_D50,80.90357
2021-07-31_D51,92.31446
2021-07-31_D52,82.06374
2021-07-31_D53,132.2504
2021-07-31_D54,76.280495
2021-07-31_D55,96.3577
2021-07-31_D56,29.060051
2021-07-31_D57,46.171402
2021-07-31_D58,79.1503
2021-07-31_D59,83.24563
2021-07-31_D6,-21.208542
2021-07-31_D60,24.17192
2021-07-31_D61,57.631958
2021-07-31_D62,97.91288
2021-07-31_D63,117.184425
2021-07-31_D64,109.455185
2021-07-31_D65,90.52068
2021-07-31_D66,-49.97435
2021-07-31_D67,80.961365
2021-07-31_D68,145.44597
2021-07-31_D69,108.297295
2021-07-31_D7,1.52771
2021-07-31_D70,65.34354
2021-07-31_D71,-219.96014
2021-07-31_D72,298.4165
2021-07-31_D73,137.69897
2021-07-31_D74,171.05678
2021-07-31_D75,320.89923
2021-07-31_D76,79.646286
2021-07-31_D77,300.8463
2021-07-31_D78,187.51819
2021-07-31_D79,127.350525
2021-07-31_D8,211.72278
2021-07-31_D80,50.229843
2021-07-31_D9,205.71945
